name,daughters,sons,source
"Aaroon Rasheed, Shri J.M.",2,2,http://en.wikipedia.org/wiki/J._M._Aaroon_Rashid
"Abdul Rahman, Shri",1,2,http://en.wikipedia.org/wiki/Abdul_Rahman_(politician)
"Abdullah, Dr. Farooq",3,1,http://en.wikipedia.org/wiki/Farooq_Abdullah
"Acharia, Shri Basudeb",2,1,http://en.wikipedia.org/wiki/Basudeb_Acharia
"Adhalrao Patil, Shri Shivaji",,2,http://en.wikipedia.org/wiki/Shivajirao_Adhalarao_Patil
"Adhi Sankar, Shri",1,1,http://www.archive.india.gov.in/govt/loksabhampbiodata.php?mpcode=6
"Adhikari, Shri Sisir Kumar",0,4,http://www.archive.india.gov.in/govt/loksabhampbiodata.php?mpcode=4502
"Adhikari, Shri Suvendu",0,0,http://www.archive.india.gov.in/govt/loksabhampbiodata.php?mpcode=4501
"Adityanath, Shri Yogi",0,0,http://www.archive.india.gov.in/govt/loksabhampbiodata.php?mpcode=7
"Adsul, Shri Anandrao",2,1,http://en.wikipedia.org/wiki/Anandrao_Vithoba_Adsul
"Advani, Shri Lal Krishna",1,1,http://en.wikipedia.org/wiki/L._K._Advani
"Agarwal, Shri Jai Prakash",0,2,http://www.jaiprakashagarwal.com/family.htm/
"Agrawal, Shri Rajendra",1,1,http://en.wikipedia.org/wiki/Rajendra_Agrawal
"Ahamed, Shri E.",1,2,http://en.wikipedia.org/wiki/E._Ahamed
"Ahir, Shri Hansraj Gangaram",0,2,http://en.wikipedia.org/wiki/Hansraj_Gangaram_Ahir
"Ahmed, Shri Sultan",0,2,http://www.archive.india.gov.in/govt/loksabhampbiodata.php?mpcode=4497
"Ajmal, Maulana Badruddin",1,6,http://www.archive.india.gov.in/govt/loksabhampbiodata.php?mpcode=4436
"Ajnala, Dr. Rattan Singh",0,2,http://en.wikipedia.org/wiki/Rattan_Singh_Ajnala
"Alagiri, Shri M. K.",2,1,http://www.archive.india.gov.in/govt/loksabhampbiodata.php?mpcode=4551
"Alagiri, Shri Sambandam Keerapalayam",5,1,http://www.archive.india.gov.in/govt/loksabhampbiodata.php?mpcode=4548
"Amlabe, Shri Narayan Singh",3,2,http://www.archive.india.gov.in/govt/loksabhampbiodata.php?mpcode=4253
"Anandan, Shri K. Murugesan",0,2,http://www.archive.india.gov.in/govt/loksabhampbiodata.php?mpcode=4539
"Ananth Kumar, Shri",2,0,http://www.archive.india.gov.in/govt/loksabhampbiodata.php?mpcode=20
"Angadi, Shri Suresh Chanabasappa",2,0,http://en.wikipedia.org/wiki/Suresh_Angadi
"Annayyagari, Shri Sai Prathap",1,0,http://www.archive.india.gov.in/govt/loksabhampbiodata.php?mpcode=3235
"Antony, Shri Anto",1,1,http://www.archive.india.gov.in/govt/loksabhampbiodata.php?mpcode=4571
"Anuragi, Shri Ghanshyam",1,1,http://www.archive.india.gov.in/govt/loksabhampbiodata.php?mpcode=4286
"Argal, Shri Ashok",0,4,http://en.wikipedia.org/wiki/Ashok_Chhaviram_Argal
"Aron, Shri Praveen Singh.",2,0,http://www.archive.india.gov.in/govt/loksabhampbiodata.php?mpcode=4276
"Awale, Shri Jayawant Gangaram",2,2,http://en.wikipedia.org/wiki/Jaywantrao_Awale
"Azad, Shri Kirti (Jha)",0,2,http://www.archive.india.gov.in/govt/loksabhampbiodata.php?mpcode=25
"Azharuddin, Shri Mohammed",0,2,http://www.archive.india.gov.in/govt/loksabhampbiodata.php?mpcode=4265
"Baalu, Thiru Thalikkottai Rajuthevar",2,3,http://www.archive.india.gov.in/govt/loksabhampbiodata.php?mpcode=26
"Baba, Shri K.C. Singh",1,2,http://en.wikipedia.org/wiki/K._C._Singh_Baba
"Babar, Shri Gajanan Dharmshi",0,2,http://www.archive.india.gov.in/govt/loksabhampbiodata.php?mpcode=4382
"Babbar, Shri Raj",1,2,http://www.archive.india.gov.in/govt/loksabhampbiodata.php?mpcode=28
"Badal, Smt. Harsimrat Kaur",2,1,http://www.archive.india.gov.in/govt/loksabhampbiodata.php?mpcode=4433
"Baghel, Smt. Sarika Devendra Singh",1,0,http://www.archive.india.gov.in/govt/loksabhampbiodata.php?mpcode=4272
"Bairwa, Shri Khiladi Lal",3,1,http://www.archive.india.gov.in/govt/loksabhampbiodata.php?mpcode=4405
"Bais, Shri Ramesh",2,1,http://www.archive.india.gov.in/govt/loksabhampbiodata.php?mpcode=33
"Baite, Shri Thangso",3,2,http://www.archive.india.gov.in/govt/loksabhampbiodata.php?mpcode=4351
"Baitha, Shri Kameshwar",1,3,http://www.archive.india.gov.in/govt/loksabhampbiodata.php?mpcode=4330
"Bajwa, Sardar Partap Singh",0,1,http://www.archive.india.gov.in/govt/loksabhampbiodata.php?mpcode=4427
"Bakshi, Shri Subrata",0,1,http://www.archive.india.gov.in/govt/loksabhampbiodata.php?mpcode=4578
"Baliram, Dr.",3,1,http://en.wikipedia.org/wiki/Bali_Ram
"Balmiki, Shri Kamlesh",0,1,http://www.archive.india.gov.in/govt/loksabhampbiodata.php?mpcode=4270
"Bandyopadhyay, Shri Sudip",0,0,http://www.archive.india.gov.in/govt/loksabhampbiodata.php?mpcode=38
"Banerjee, Shri Ambica",2,0,http://www.archive.india.gov.in/govt/loksabhampbiodata.php?mpcode=4496
"Banerjee, Shri Kalyan",1,1,http://www.archive.india.gov.in/govt/loksabhampbiodata.php?mpcode=4498
"Bansal, Shri Pawan Kumar",0,2,http://www.archive.india.gov.in/govt/loksabhampbiodata.php?mpcode=42
"Barq, Shri Shafiqur Rahman",0,1,http://www.archive.india.gov.in/govt/loksabhampbiodata.php?mpcode=3657
"Basavaraj, Shri Gangasandra Siddappa",0,2,http://archive.india.gov.in/govt/loksabhampbiodata.php?mpcode=46
"Basheer, Shri E. T. Mohammed",1,3,http://en.wikipedia.org/wiki/E._T._Mohammed_Basheer
"Baske, Dr. Pulin Bihari",1,1,http://en.wikipedia.org/wiki/Pulin_Bihari_Baske
"Bauri, Smt. Susmita",0,1,http://www.archive.india.gov.in/govt/loksabhampbiodata.php?mpcode=4193
"Bavaliya, Shri Kunwarjibhai Mohanbhai",2,1,http://en.wikipedia.org/wiki/Kunwarjibhai_Mohanbhai_Bavaliya
"Beg, (Dr.) Mirza Mehboob",2,1,http://en.wikipedia.org/wiki/Mirza_Mehboob_Beg
"Besra, Shri Devidhan",2,3,http://www.archive.india.gov.in/govt/loksabhampbiodata.php?mpcode=4344
"Bhadana, Shri Avtar Singh",1,1,http://www.archive.india.gov.in/govt/loksabhampbiodata.php?mpcode=52
"Bhagat, Shri Sudarshan",0,2,http://www.archive.india.gov.in/govt/loksabhampbiodata.php?mpcode=4329
"Bhagora, Shri Tarachand",2,2,http://www.hindustanpages.com/shri-tarachand-bhagora-mp-loksabha-banswara-rajasthan
"Bhoi, Shri Sanjay",0,2,http://www.archive.india.gov.in/govt/loksabhampbiodata.php?mpcode=4361
"Bhonsle, Shri Udayanraje Pratapsingh",1,1,http://www.archive.india.gov.in/govt/loksabhampbiodata.php?mpcode=4389
"Bhujbal, Shri Sameer Magan",1,0,http://www.archive.india.gov.in/govt/loksabhampbiodata.php?mpcode=4377
"Bhuria, Shri Kantilal",0,2,http://www.archive.india.gov.in/govt/loksabhampbiodata.php?mpcode=58
"Biju, Shri Parayamparanbil Kuttappan",0,0,http://archive.india.gov.in/govt/loksabhampbiodata.php?mpcode=4563
"Bishnoi, Shri Kuldeep",1,2,http://en.wikipedia.org/wiki/Kuldeep_Bishnoi
"Biswal, Shri Hemanand",5,0,http://www.archive.india.gov.in/govt/loksabhampbiodata.php?mpcode=4416
"Botcha, Dr. (Smt.) Jhansi Lakshmi",1,1,http://www.archive.india.gov.in/govt/loksabhampbiodata.php?mpcode=4218
"Bundela, Shri Jeetendra Singh",0,2,http://www.archive.india.gov.in/govt/loksabhampbiodata.php?mpcode=4510
"Bwiswmuthiary, Shri Sansuma Khunggur",0,4,http://en.wikipedia.org/wiki/Sansuma_Khunggur_Bwiswmuthiary
"Chacko, Shri P.C.",0,2,http://archive.india.gov.in/govt/loksabhampbiodata.php?mpcode=3477
"Chakravarty, Smt. Bijoya",1,1,http://www.archive.india.gov.in/govt/loksabhampbiodata.php?mpcode=69
"Chang, Shri Chongshen Mongkosungkum",5,5,http://www.archive.india.gov.in/govt/loksabhampbiodata.php?mpcode=4368
"Chaudhary, Dr. Tushar Amarsinh",1,1,http://en.wikipedia.org/wiki/Tushar_Amarsinh_Chaudhary
"Chaudhary, Shri Arvind Kumar",2,1,http://www.archive.india.gov.in/govt/loksabhampbiodata.php?mpcode=4299
"Chaudhary, Shri Jayant",1,0,http://www.archive.india.gov.in/govt/loksabhampbiodata.php?mpcode=4273
"Chauhan, Shri Sanjay Singh",1,2,http://www.archive.india.gov.in/govt/loksabhampbiodata.php?mpcode=4263
"Chauhan, Shri Dara Singh",2,2,http://www.archive.india.gov.in/govt/loksabhampbiodata.php?mpcode=4304
"Chauhan, Shri Prabhatsinh Pratapsinh",0,0,http://www.archive.india.gov.in/govt/loksabhampbiodata.php?mpcode=4449
"Chauhan, Smt. Raj Kumari",0,4,http://www.archive.india.gov.in/govt/loksabhampbiodata.php?mpcode=4271
"Chauhan, Dr. Mahendrasinh Pruthvisinh",2,2,http://www.archive.india.gov.in/govt/loksabhampbiodata.php?mpcode=4443
"Chavan, Shri Harischandra Deoram",1,1,http://www.archive.india.gov.in/govt/loksabhampbiodata.php?mpcode=3991
"Chidambaram, Shri Palaniappan",0,1,http://www.archive.india.gov.in/govt/loksabhampbiodata.php?mpcode=3000
"Chinta Mohan, Dr.",1,1,http://en.wikipedia.org/wiki/Chinta_Mohan
"Chitthan, Shri N.S.V.",3,1,http://www.archive.india.gov.in/govt/loksabhampbiodata.php?mpcode=4063
"Choudhary, Shri Harish",1,1,http://www.archive.india.gov.in/govt/loksabhampbiodata.php?mpcode=4257
"Choudhary, Shri Bhudeo",1,1,http://www.archive.india.gov.in/govt/loksabhampbiodata.php?mpcode=4476
"Choudhary, Shri Nikhil Kumar",1,3,http://en.wikipedia.org/wiki/Nikhil_Kumar_Choudhary
"Choudhry, Smt. Shruti",0,0,http://www.archive.india.gov.in/govt/loksabhampbiodata.php?mpcode=4254
"Choudhury, Shri Abu Hasem Khan",0,1,http://www.archive.india.gov.in/govt/loksabhampbiodata.php?mpcode=4212
"Chowdhary, Smt. Santosh",4,0,http://mohfw.nic.in/index1.php?lang=1&level=3&sublinkid=2932&lid=2249
"Chowdhury, Shri Adhir Ranjan",1,0,http://www.archive.india.gov.in/govt/loksabhampbiodata.php?mpcode=97
"Chowdhury, Shri Bansa Gopal",0,2,http://en.wikipedia.org/wiki/Bansa_Gopal_Chowdhury
"Danve, Shri Raosaheb Patil",3,1,http://www.archive.india.gov.in/govt/loksabhampbiodata.php?mpcode=316
"Das, Shri Ram Sundar",1,2,http://archive.india.gov.in/govt/loksabhampbiodata.php?mpcode=3489
"Das, Shri Khagen",2,0,http://archive.india.gov.in/govt/loksabhampbiodata.php?mpcode=3957
"Das, Shri Bhakta Charan",0,2,http://archive.india.gov.in/govt/loksabhampbiodata.php?mpcode=3264
"Dasgupta, Shri Gurudas",1,0,http://www.archive.india.gov.in/govt/loksabhampbiodata.php?mpcode=4088
"Dasmunsi, Smt. Deepa",0,1,http://www.archive.india.gov.in/govt/loksabhampbiodata.php?mpcode=4481
"Dastidar, Dr. (Smt.) Kakoli Ghosh",0,2,http://www.archive.india.gov.in/govt/loksabhampbiodata.php?mpcode=4489
"De(Nag), Dr. (Smt.) Ratna",0,1,http://www.archive.india.gov.in/govt/loksabhampbiodata.php?mpcode=4499
"Deka, Shri Ramen",1,1,http://archive.india.gov.in/govt/loksabhampbiodata.php?mpcode=4437
"Deo, Shri V. Kishore Chandra",1,1,http://www.archive.india.gov.in/govt/loksabhampbiodata.php?mpcode=2354
"Deora, Shri Milind Murli",0,0,http://www.archive.india.gov.in/govt/loksabhampbiodata.php?mpcode=4052
"Deshmukh, Shri K. D.",1,1,http://www.archive.india.gov.in/govt/loksabhampbiodata.php?mpcode=4515
"Devegowda, Shri H.D.",2,4,http://en.wikipedia.org/wiki/H._D._Deve_Gowda
"Devi, Smt. Ashwamedh",0,4,http://www.archive.india.gov.in/govt/loksabhampbiodata.php?mpcode=4464
"Dhanapalan, Shri K. P.",0,2,http://archive.india.gov.in/govt/loksabhampbiodata.php?mpcode=4564
"Dhotre, Shri Sanjay Shamrao",0,2,http://www.archive.india.gov.in/govt/loksabhampbiodata.php?mpcode=3992
"Dhruvanarayana, Shri Rangaswamy",0,2,http://www.archive.india.gov.in/govt/loksabhampbiodata.php?mpcode=4342
"Dhurve, Smt. Jyoti",0,1,http://www.archive.india.gov.in/govt/loksabhampbiodata.php?mpcode=4522
"Dias, Dr. Charles",1,1,http://archive.india.gov.in/govt/loksabhampbiodata.php?mpcode=4573
"Dikshit, Shri Sandeep",0,1,http://archive.india.gov.in/govt/loksabhampbiodata.php?mpcode=4076
"Dome, Dr. Ram Chandra",1,0,http://www.archive.india.gov.in/govt/loksabhampbiodata.php?mpcode=115
"Dubey, Shri Nishikant",0,2,http://www.archive.india.gov.in/govt/loksabhampbiodata.php?mpcode=4324
"Dudhgaonkar, Shri Ganeshrao Nagorao",1,1,http://164.100.47.132/LssNew/Members/former_Biography.aspx?mpsno=4376
"Dutt, Smt. Priya Sunil",0,2,http://www.archive.india.gov.in/govt/loksabhampbiodata.php?mpcode=4210
"Elangovan, Shri T.K.S.",2,0,http://www.archive.india.gov.in/govt/loksabhampbiodata.php?mpcode=4533
"Engti, Shri Biren Singh",1,2,http://archive.india.gov.in/govt/loksabhampbiodata.php?mpcode=2084
"Ering, Shri Ninong",2,2,http://www.archive.india.gov.in/govt/loksabhampbiodata.php?mpcode=4367
"Gaddigoudar, Shri Parvatagouda Chandanagouda",1,3,http://archive.india.gov.in/govt/loksabhampbiodata.php?mpcode=3984
"Gadhvi, Shri Mukesh Bhairavdanji",2,1,http://www.archive.india.gov.in/govt/loksabhampbiodata.php?mpcode=4440
"Gaikwad, Shri Eknath Mahadeo",2,2,http://en.wikipedia.org/wiki/Eknath_Gaikwad
"Gandhi, Shri Feroze Varun",0,0,http://www.archive.india.gov.in/govt/loksabhampbiodata.php?mpcode=4277
"Gandhi, Shri Rahul",0,0,http://archive.india.gov.in/govt/loksabhampbiodata.php?mpcode=4074
"Gandhi, Smt. Sonia",1,1,http://en.wikipedia.org/wiki/Sonia_Gandhi
"Gandhi, Shri Dilip Kumar Mansukhlal",1,2,http://en.wikipedia.org/wiki/Dilipkumar_Gandhi
"Gandhi, Smt. Maneka",0,1,http://en.wikipedia.org/wiki/Maneka_Gandhi
"Gandhiselvan, Shri S.",1,1,http://www.archive.india.gov.in/govt/loksabhampbiodata.php?mpcode=4540
"Ganeshamurthi, Shri A.",1,1,http://archive.india.gov.in/govt/loksabhampbiodata.php?mpcode=3857
"Gavit, Shri Manikrao Hodlya",4,1,http://archive.india.gov.in/govt/loksabhampbiodata.php?mpcode=133
"Gawali (Patil), Ms. Bhavana",0,0,http://archive.india.gov.in/govt/loksabhampbiodata.php?mpcode=135
"Geete, Shri Anant Gangaram",0,0,http://archive.india.gov.in/govt/loksabhampbiodata.php?mpcode=136
"Ghatowar, Shri Paban Singh",1,1,http://en.wikipedia.org/wiki/Paban_Singh_Ghatowar
"Ghubaya, Shri Sher Singh",2,2,http://www.archive.india.gov.in/govt/loksabhampbiodata.php?mpcode=4432
"Gogoi, Shri Dip",0,0,http://archive.india.gov.in/govt/loksabhampbiodata.php?mpcode=3956
"Gohain, Shri Rajen",3,2,http://archive.india.gov.in/govt/loksabhampbiodata.php?mpcode=143
"Gowda, Shri Chandre D.B.",4,0,http://archive.india.gov.in/govt/loksabhampbiodata.php?mpcode=2099
"Guddu, Shri Prem Chand",3,1,http://www.archive.india.gov.in/govt/loksabhampbiodata.php?mpcode=4256
"Gulshan, Smt. Paramjit Kaur",2,0,http://www.archive.india.gov.in/govt/loksabhampbiodata.php?mpcode=4131
"Gutha, Shri Sukender Reddy",1,1,http://archive.india.gov.in/govt/loksabhampbiodata.php?mpcode=375
"Haldar, Dr. Sucharu Ranjan",1,1,http://www.archive.india.gov.in/govt/loksabhampbiodata.php?mpcode=4485
"Handique, Shri Bijoy Krishna",3,0,http://archive.india.gov.in/govt/loksabhampbiodata.php?mpcode=149
"Haque, Prof. Sk. Saidul",1,1,http://www.archive.india.gov.in/govt/loksabhampbiodata.php?mpcode=4505
"Hari, Shri Sabbam",2,1,http://www.archive.india.gov.in/govt/loksabhampbiodata.php?mpcode=4525
"Harsha Kumar, Shri G.V.",0,2,http://archive.india.gov.in/govt/loksabhampbiodata.php?mpcode=4017
"Hasan, Begum Tabassum",1,1,http://www.archive.india.gov.in/govt/loksabhampbiodata.php?mpcode=4261
"Hassan, Dr. Monazir",1,2,http://www.archive.india.gov.in/govt/loksabhampbiodata.php?mpcode=4466
"Hazari, Shri Maheshwar",1,3,http://www.archive.india.gov.in/govt/loksabhampbiodata.php?mpcode=4465
"Hegde, Shri Jayaprakash Korgi",1,1,http://archive.india.gov.in/govt/loksabhampbiodata.php?mpcode=4579
"Hegde, Shri Anant Kumar Dattatreya",1,1,http://archive.india.gov.in/govt/loksabhampbiodata.php?mpcode=3688
"Helen, Smt. Davidson J.",2,0,http://archive.india.gov.in/govt/loksabhampbiodata.php?mpcode=4557
"Hooda, Shri Deepender Singh",0,0,http://www.archive.india.gov.in/govt/loksabhampbiodata.php?mpcode=4207
"Hossain, Shri Abdul Mannan",2,2,http://www.archive.india.gov.in/govt/loksabhampbiodata.php?mpcode=4196
"Hussain, Shri Ismail",2,2,http://archive.india.gov.in/govt/loksabhampbiodata.php?mpcode=4572
"Hussain, Shri Syed Shahnawaz",0,2,http://archive.india.gov.in/govt/loksabhampbiodata.php?mpcode=152
"Islam, Shri Sk. Nurul",0,4,http://archive.india.gov.in/govt/loksabhampbiodata.php?mpcode=4490
"Jadhav, Shri Baliram Sukur",3,1,http://archive.india.gov.in/govt/loksabhampbiodata.php?mpcode=4384
"Jadhav, Shri Prataprao Ganpatrao",1,1,http://www.archive.india.gov.in/govt/loksabhampbiodata.php?mpcode=4373
"Jagannath, Dr. M.",1,2,http://archive.india.gov.in/govt/loksabhampbiodata.php?mpcode=156
"Jagathrakshakan, Shri S.",1,1,http://www.archive.india.gov.in/govt/loksabhampbiodata.php?mpcode=157
"Jahan, Smt. Kaisar",0,0,http://www.archive.india.gov.in/govt/loksabhampbiodata.php?mpcode=4281
"Jain Aditya, Shri Pradeep Kumar",1,1,http://www.archive.india.gov.in/govt/loksabhampbiodata.php?mpcode=4287
"Jaiswal, Shri Gorakh Prasad",3,2,http://www.archive.india.gov.in/govt/loksabhampbiodata.php?mpcode=4302
"Jaiswal, Shri Sriprakash",1,2,http://www.archive.india.gov.in/govt/loksabhampbiodata.php?mpcode=164
"Jaiswal, Dr. Sanjay",2,2,http://en.wikipedia.org/wiki/Madan_Prasad_Jaiswal
"Jakhar, Shri Badri Ram",2,3,http://www.archive.india.gov.in/govt/loksabhampbiodata.php?mpcode=4409
"Jardosh, Smt. Darshana Vikram",0,2,http://www.archive.india.gov.in/govt/loksabhampbiodata.php?mpcode=4451
"Jat, Smt. Poonam Veljibhai",0,2,http://archive.india.gov.in/govt/loksabhampbiodata.php?mpcode=4439
"Jatua, Shri Choudhury Mohan",2,1,http://www.archive.india.gov.in/govt/loksabhampbiodata.php?mpcode=4492
"Jawale, Shri Haribhau Madhav",2,1,http://archive.india.gov.in/govt/loksabhampbiodata.php?mpcode=4225
"Jena, Shri Mohan",1,0,http://www.archive.india.gov.in/govt/loksabhampbiodata.php?mpcode=4140
"Jena, Shri Srikant Kumar",1,1,http://www.archive.india.gov.in/govt/loksabhampbiodata.php?mpcode=3294
"Jeyadurai, Shri S. R.",3,0,http://archive.india.gov.in/govt/loksabhampbiodata.php?mpcode=4554
"Jigajinagi, Shri Ramesh Chandappa",0,2,http://archive.india.gov.in/govt/loksabhampbiodata.php?mpcode=170
"Jindal, Shri Naveen",1,1,http://archive.india.gov.in/govt/loksabhampbiodata.php?mpcode=4041
"Joshi, Shri Pralhad Venkatesh",3,0,http://www.archive.india.gov.in/govt/loksabhampbiodata.php?mpcode=3982
"Joshi, Dr. C. P.",0,1,http://www.archive.india.gov.in/govt/loksabhampbiodata.php?mpcode=4414
"Joshi, Dr. Mahesh",1,0,http://www.archive.india.gov.in/govt/loksabhampbiodata.php?mpcode=4402
"Joshi, Shri Kailash",3,3,http://archive.india.gov.in/govt/loksabhampbiodata.php?mpcode=3989
"Joshi, Dr. Murli Manohar",2,0,http://archive.india.gov.in/govt/loksabhampbiodata.php?mpcode=172
"Judeo, Shri Dilip Singh",0,3,http://archive.india.gov.in/govt/loksabhampbiodata.php?mpcode=3297
"Kachhadia, Shri Naranbhai",1,2,http://www.archive.india.gov.in/govt/loksabhampbiodata.php?mpcode=4448
"Kalmadi, Shri Suresh",2,1,http://archive.india.gov.in/govt/loksabhampbiodata.php?mpcode=3697
"Kamal Nath, Shri",0,2,http://www.archive.india.gov.in/govt/loksabhampbiodata.php?mpcode=175
"Kamat, Shri Gurudas",0,1,http://archive.india.gov.in/govt/loksabhampbiodata.php?mpcode=3051
"Kanumuri, Shri Bapi Raju",1,2,http://archive.india.gov.in/govt/loksabhampbiodata.php?mpcode=3842
"Karunakaran, Shri P.",1,0,http://www.archive.india.gov.in/govt/loksabhampbiodata.php?mpcode=4178
"Karwariya, Shri Kapil Muni",2,1,http://www.archive.india.gov.in/govt/loksabhampbiodata.php?mpcode=4291
"Kashyap, Shri Dinesh",1,2,http://archive.india.gov.in/govt/loksabhampbiodata.php?mpcode=4576
"Kashyap, Shri Virender",1,3,http://www.archive.india.gov.in/govt/loksabhampbiodata.php?mpcode=4298
"Kaswan, Shri Ram Singh",3,1,http://archive.india.gov.in/govt/loksabhampbiodata.php?mpcode=181
"Kataria, Shri Lalchand",2,0,http://www.archive.india.gov.in/govt/loksabhampbiodata.php?mpcode=4401
"Kateel, Shri Nalin Kumar",2,0,http://archive.india.gov.in/govt/loksabhampbiodata.php?mpcode=4316
"Katheria, Shri Premdas",2,2,http://www.archive.india.gov.in/govt/loksabhampbiodata.php?mpcode=4284
"Katoch, Smt. Chandresh Kumari",0,1,http://www.archive.india.gov.in/govt/loksabhampbiodata.php?mpcode=2994
"Katti, Shri Ramesh Vishwanath",0,2,http://www.archive.india.gov.in/govt/loksabhampbiodata.php?mpcode=4296
"Kaur, Smt. Preneet",1,1,http://www.archive.india.gov.in/govt/loksabhampbiodata.php?mpcode=186
"Kaypee, Shri Mohinder Singh",2,1,http://www.archive.india.gov.in/govt/loksabhampbiodata.php?mpcode=4428
"Khaire, Shri Chandrakant Bhaurao",2,1,http://archive.india.gov.in/govt/loksabhampbiodata.php?mpcode=189
"Khan, Shri Hassan",2,1,http://archive.india.gov.in/govt/loksabhampbiodata.php?mpcode=191
"Khandela, Shri Mahadeo Singh",0,1,http://www.archive.india.gov.in/govt/loksabhampbiodata.php?mpcode=4400
"Kharge, Shri Mallikarjun",2,3,http://www.archive.india.gov.in/govt/loksabhampbiodata.php?mpcode=4315
"Khatri, Dr. Nirmal",0,2,http://archive.india.gov.in/govt/loksabhampbiodata.php?mpcode=3059
"Khurshid, Shri Salman",1,3,http://www.archive.india.gov.in/govt/loksabhampbiodata.php?mpcode=3523
"Killi, Dr. (Smt.) Kruparani",0,2,http://www.archive.india.gov.in/govt/loksabhampbiodata.php?mpcode=4524
"Kishor, Shri Kamal",0,2,http://www.archive.india.gov.in/govt/loksabhampbiodata.php?mpcode=4294
"Kodikunnil, Shri Suresh",1,1,http://www.archive.india.gov.in/govt/loksabhampbiodata.php?mpcode=477
"Kora, Shri Madhu",1,0,http://www.archive.india.gov.in/govt/loksabhampbiodata.php?mpcode=4328
"Kowase, Shri Marotrao Sainuji",3,1,http://archive.india.gov.in/govt/loksabhampbiodata.php?mpcode=4372
"Krishnasswamy, Shri M.",1,1,http://archive.india.gov.in/govt/loksabhampbiodata.php?mpcode=3526
"Kumar, Shri Kaushalendra",1,2,http://www.archive.india.gov.in/govt/loksabhampbiodata.php?mpcode=4467
"Kumar, Shri Shailendra",2,1,http://archive.india.gov.in/govt/loksabhampbiodata.php?mpcode=3870
"Kumar, Shri P.",1,1,http://archive.india.gov.in/govt/loksabhampbiodata.php?mpcode=4546
"Kumar, Dr. (Shri) Ajay",0,2,http://archive.india.gov.in/govt/loksabhampbiodata.php?mpcode=4577
"Kumar, Smt. Meira",2,1,http://archive.india.gov.in/govt/loksabhampbiodata.php?mpcode=3066
"Kumar, Shri Vishwa Mohan",2,1,http://www.archive.india.gov.in/govt/loksabhampbiodata.php?mpcode=4458
"Kumar, Shri Ramesh",3,0,http://www.archive.india.gov.in/govt/loksabhampbiodata.php?mpcode=4336
"Kumaraswamy, Shri H.D.",0,1,http://archive.india.gov.in/govt/loksabhampbiodata.php?mpcode=3711
"Kurup, Shri N. Peethambara",0,0,http://archive.india.gov.in/govt/loksabhampbiodata.php?mpcode=4568
"Lagadapati, Shri Rajagopal",0,3,http://archive.india.gov.in/govt/loksabhampbiodata.php?mpcode=4020
"Laguri, Shri Yashbant Narayan Singh",1,1,http://nocorruption.in/mps/yashbant-narayan-singh-laguri/
"Lal, Shri Pakauri",5,2,http://www.archive.india.gov.in/govt/loksabhampbiodata.php?mpcode=4310
"Lalu Prasad, Shri",7,2,http://archive.india.gov.in/govt/loksabhampbiodata.php?mpcode=2439
"Libra, Shri Sukhdev Singh",3,3,http://www.archive.india.gov.in/govt/loksabhampbiodata.php?mpcode=4128
"Lingam, Shri P.",1,1,http://archive.india.gov.in/govt/loksabhampbiodata.php?mpcode=4555
"Lodhi, Shri Shivraj Singh",3,4,http://www.archive.india.gov.in/govt/loksabhampbiodata.php?mpcode=4509
"Maadam, Shri Vikrambhai Arjanbhai",1,2,http://archive.india.gov.in/govt/loksabhampbiodata.php?mpcode=4034
"Mahajan, Smt. Sumitra",0,2,http://archive.india.gov.in/govt/loksabhampbiodata.php?mpcode=220
"Mahant, Dr. Charan Das",3,1,http://www.archive.india.gov.in/govt/loksabhampbiodata.php?mpcode=222
"Maharaj, Shri Satpal",0,2,http://archive.india.gov.in/govt/loksabhampbiodata.php?mpcode=3717
"Mahato, Shri Narahari",1,0,http://www.archive.india.gov.in/govt/loksabhampbiodata.php?mpcode=4214
"Mahtab, Shri Bhartruhari",1,1,http://archive.india.gov.in/govt/loksabhampbiodata.php?mpcode=225
"Mahto, Shri Baidyanath Prasad",1,3,http://www.archive.india.gov.in/govt/loksabhampbiodata.php?mpcode=4454
"Majhi, Shri Pradeep",0,0,http://www.archive.india.gov.in/govt/loksabhampbiodata.php?mpcode=4420
"Majumdar, Shri Prasanta Kumar",0,0,http://archive.india.gov.in/govt/loksabhampbiodata.php?mpcode=4482
"Maken, Shri Ajay",2,1,http://www.archive.india.gov.in/govt/loksabhampbiodata.php?mpcode=4075
"Malik, Shri Sakti Mohan",1,1,http://en.wikipedia.org/wiki/Sakti_Mohan_Malik
"Malik, Shri Jitender Singh",0,0,http://www.archive.india.gov.in/govt/loksabhampbiodata.php?mpcode=4332
"Mandal, Dr. Tarun",0,0,http://www.archive.india.gov.in/govt/loksabhampbiodata.php?mpcode=4491
"Mandal, Shri Mangani Lal",4,4,http://www.archive.india.gov.in/govt/loksabhampbiodata.php?mpcode=4457
"Mandlik, Shri Sadashivrao Dadoba",3,1,http://archive.india.gov.in/govt/loksabhampbiodata.php?mpcode=236
"Mani, Shri Jose K.",2,1,http://archive.india.gov.in/govt/loksabhampbiodata.php?mpcode=4566
"Manian, Shri O. S.",2,0,http://archive.india.gov.in/govt/loksabhampbiodata.php?mpcode=4550
"Manjhi, Shri Hari",2,2,http://www.archive.india.gov.in/govt/loksabhampbiodata.php?mpcode=4474
"Maran, Thiru Dayanidhi",1,1,http://www.archive.india.gov.in/govt/loksabhampbiodata.php?mpcode=4144
"Marandi, Shri Babu Lal",0,0,http://archive.india.gov.in/govt/loksabhampbiodata.php?mpcode=244
"Masram, Shri Basori Singh",2,2,http://archive.india.gov.in/govt/loksabhampbiodata.php?mpcode=4514
"Mcleod, Smt. Ingrid",1,1,http://archive.india.gov.in/govt/loksabhampbiodata.php?mpcode=4204
"Meena, Shri Raghuvir Singh",2,2,http://www.archive.india.gov.in/govt/loksabhampbiodata.php?mpcode=4412
"Meena, Shri Namo Narain",4,1,http://www.archive.india.gov.in/govt/loksabhampbiodata.php?mpcode=4060
"Meena, Dr. Kirodilal",0,0,http://archive.india.gov.in/govt/loksabhampbiodata.php?mpcode=3339
"Meghe, Shri Datta Raghobaji",5,3,http://www.indiapress.org/election/archives/lok12/biodata/12mh27.php
"Meghwal, Shri Bharat Ram",0,2,http://www.archive.india.gov.in/govt/loksabhampbiodata.php?mpcode=4398
"Meghwal, Shri Arjun Ram",2,2,http://www.archive.india.gov.in/govt/loksabhampbiodata.php?mpcode=4399
"Meinya, Dr. Thokchom",1,1,http://archive.india.gov.in/govt/loksabhampbiodata.php?mpcode=4055
"Mirdha, Dr. (Smt.) Jyoti",0,1,http://archive.india.gov.in/govt/loksabhampbiodata.php?mpcode=4408
"Mishra, Shri Govind Prasad",6,5,http://www.archive.india.gov.in/govt/loksabhampbiodata.php?mpcode=4512
"Mishra, Shri Mahabal",1,2,http://www.archive.india.gov.in/govt/loksabhampbiodata.php?mpcode=4335
"Misra, Shri Pinaki",1,1,http://archive.india.gov.in/govt/loksabhampbiodata.php?mpcode=3724
"Mithlesh Kumar, Shri",1,2,http://www.archive.india.gov.in/govt/loksabhampbiodata.php?mpcode=4278
"Mitra, Shri Somendra Nath",0,1,http://archive.india.gov.in/govt/loksabhampbiodata.php?mpcode=4493
"Mohammad, Maulana Asrarul Haque",2,3,http://www.archive.india.gov.in/govt/loksabhampbiodata.php?mpcode=4460
"Mohan, Shri P. C.",1,1,http://www.archive.india.gov.in/govt/loksabhampbiodata.php?mpcode=4321
"Mohapatra, Shri Sidhant",1,0,http://www.archive.india.gov.in/govt/loksabhampbiodata.php?mpcode=4425
"Moily, Dr.(Shri) M. Veerappa",3,1,http://www.archive.india.gov.in/govt/loksabhampbiodata.php?mpcode=4343
"Mukherjee, Shri Abhijit",1,1,http://archive.india.gov.in/govt/loksabhampbiodata.php?mpcode=4581
"Mullappally, Shri Ramachandran",1,0,http://www.archive.india.gov.in/govt/loksabhampbiodata.php?mpcode=3085
"Munda, Shri Kariya",3,2,http://archive.india.gov.in/govt/loksabhampbiodata.php?mpcode=259
"Munde, Shri Gopinath Pandurang",3,0,http://www.archive.india.gov.in/govt/loksabhampbiodata.php?mpcode=4386
"Muniyappa, Shri K.H.",4,1,http://www.archive.india.gov.in/govt/loksabhampbiodata.php?mpcode=261
"Muttemwar, Shri Vilas Baburao",1,2,http://archive.india.gov.in/govt/loksabhampbiodata.php?mpcode=268
"Nagar, Shri Surendra Singh",1,2,http://www.archive.india.gov.in/govt/loksabhampbiodata.php?mpcode=4269
"Nagpal, Shri Devendra",0,2,http://archive.india.gov.in/govt/loksabhampbiodata.php?mpcode=4266
"Nahata, Smt. P. Jaya Prada",0,0,http://www.archive.india.gov.in/govt/loksabhampbiodata.php?mpcode=4165
"Naik, Shri Shripad Yesso",0,3,http://archive.india.gov.in/govt/loksabhampbiodata.php?mpcode=273
"Naik, Shri Porika Balram",0,2,http://www.archive.india.gov.in/govt/loksabhampbiodata.php?mpcode=4322
"Naik, Dr. Sanjeev Ganesh",0,1,http://www.archive.india.gov.in/govt/loksabhampbiodata.php?mpcode=4394
"Namdhari, Shri Inder Singh",5,1,http://www.archive.india.gov.in/govt/loksabhampbiodata.php?mpcode=4325
"Napoleon, Shri D.",0,2,http://www.archive.india.gov.in/govt/loksabhampbiodata.php?mpcode=4547
"Naqvi, Shri Zafar Ali",0,2,http://www.archive.india.gov.in/govt/loksabhampbiodata.php?mpcode=4279
"Narah, Smt. Ranee",0,2,http://www.archive.india.gov.in/govt/loksabhampbiodata.php?mpcode=274
"Narayanasamy, Shri V.",1,1,http://www.archive.india.gov.in/govt/loksabhampbiodata.php?mpcode=4350
"Naskar, Shri Gobinda Chandra",4,1,http://www.archive.india.gov.in/govt/loksabhampbiodata.php?mpcode=4486
"Natarajan, Shri P.R.",2,0,http://archive.india.gov.in/govt/loksabhampbiodata.php?mpcode=4543
"Natrajan, Km. Meenakshi",0,0,http://www.archive.india.gov.in/govt/loksabhampbiodata.php?mpcode=4518
"Nimmala, Shri Kristappa",0,2,http://www.archive.india.gov.in/govt/loksabhampbiodata.php?mpcode=4529
"Nirupam, Shri Sanjay",1,0,http://www.archive.india.gov.in/govt/loksabhampbiodata.php?mpcode=4380
"Nishad, Capt.(Retd.) Jainarain Prasad",4,1,http://archive.india.gov.in/govt/loksabhampbiodata.php?mpcode=276
"Noor, Smt. Mausam",0,0,http://www.archive.india.gov.in/govt/loksabhampbiodata.php?mpcode=4483
"Ola, Shri Sis Ram",1,2,http://archive.india.gov.in/govt/loksabhampbiodata.php?mpcode=278
"Owaisi, Shri Asaduddin",4,0,http://www.archive.india.gov.in/govt/loksabhampbiodata.php?mpcode=4091
"Pakkirappa, Shri S.",4,1,http://www.archive.india.gov.in/govt/loksabhampbiodata.php?mpcode=4311
"Pal, Shri Raja Ram",1,2,http://www.archive.india.gov.in/govt/loksabhampbiodata.php?mpcode=4105
"Pal, Shri Jagdambika",2,1,http://www.archive.india.gov.in/govt/loksabhampbiodata.php?mpcode=4295
"Pala, Shri Vincent H",4,0,http://www.archive.india.gov.in/govt/loksabhampbiodata.php?mpcode=4352
"Palanimanickam, Shri S.S.",1,0,http://www.archive.india.gov.in/govt/loksabhampbiodata.php?mpcode=284
"Panabaka, Smt. Lakshmi",2,0,http://www.archive.india.gov.in/govt/loksabhampbiodata.php?mpcode=3740
"Panda, Shri Prabodh",0,1,http://www.archive.india.gov.in/govt/loksabhampbiodata.php?mpcode=563
"Panda, Shri Baijayant ""Jay""",0,0,http://www.archive.india.gov.in/govt/loksabhampbiodata.php?mpcode=4422
"Pandey, Km. Saroj",0,0,http://www.archive.india.gov.in/govt/loksabhampbiodata.php?mpcode=4360
"Pandey, Shri Rakesh",0,2,http://www.archive.india.gov.in/govt/loksabhampbiodata.php?mpcode=4293
"Pandey, Shri Gorakh Nath",0,4,http://www.archive.india.gov.in/govt/loksabhampbiodata.php?mpcode=4308
"Pandey, Dr. Vinay Kumar ""Vinnu""",2,1,http://www.archive.india.gov.in/govt/loksabhampbiodata.php?mpcode=4300
"Pandey, Shri Ravindra Kumar",2,3,http://archive.india.gov.in/govt/loksabhampbiodata.php?mpcode=285
"Pangi, Shri Jayaram",3,2,http://www.archive.india.gov.in/govt/loksabhampbiodata.php?mpcode=4426
"Paranjpe, Shri Anand Prakash",0,0,http://www.archive.india.gov.in/govt/loksabhampbiodata.php?mpcode=4250
"Paswan, Shri Kamlesh",2,1,http://www.archive.india.gov.in/govt/loksabhampbiodata.php?mpcode=4303
"Patasani, Dr. (Prof.) Prasanna Kumar",1,2,http://archive.india.gov.in/govt/loksabhampbiodata.php?mpcode=299
"Patel, Shri Praful Manoharbhai",3,1,http://www.archive.india.gov.in/govt/loksabhampbiodata.php?mpcode=3557
"Patel, Shri Bal Kumar",1,3,http://www.archive.india.gov.in/govt/loksabhampbiodata.php?mpcode=4338
"Patel, Shri R.K. Singh",1,3,http://www.archive.india.gov.in/govt/loksabhampbiodata.php?mpcode=4331
"Patel, Shri Dinsha J.",0,0,http://www.archive.india.gov.in/govt/loksabhampbiodata.php?mpcode=309
"Patel, Shri Deoraj Singh",1,2,http://www.archive.india.gov.in/govt/loksabhampbiodata.php?mpcode=4511
"Patel, Shri Kishanbhai Vestabhai",2,1,http://archive.india.gov.in/govt/loksabhampbiodata.php?mpcode=4040
"Patel, Smt. Jayshreeben",1,1,http://www.archive.india.gov.in/govt/loksabhampbiodata.php?mpcode=4442
"Patel, Shri Devji Mansingram",1,1,http://www.archive.india.gov.in/govt/loksabhampbiodata.php?mpcode=4411
"Patel, Shri Lalubhai Babubhai",2,1,http://www.archive.india.gov.in/govt/loksabhampbiodata.php?mpcode=4364
"Patel, Shri Somabhai Gandalal Koli",1,3,http://archive.india.gov.in/govt/loksabhampbiodata.php?mpcode=3365
"Patel, Shri Natubhai Gomanbhai",1,1,http://www.archive.india.gov.in/govt/loksabhampbiodata.php?mpcode=4365
"Pathak, Shri Harin",2,0,http://archive.india.gov.in/govt/loksabhampbiodata.php?mpcode=310
"Patil, Shri Pratik Prakashbapu",0,2,http://www.archive.india.gov.in/govt/loksabhampbiodata.php?mpcode=4211
"Patil, Shri Sanjay Dina",2,0,http://www.archive.india.gov.in/govt/loksabhampbiodata.php?mpcode=4393
"Patil, Dr. Padmasinha Bajirao",0,2,http://archive.india.gov.in/govt/loksabhampbiodata.php?mpcode=4391
"Patil, Shri Bhaskarrao Bapurao",0,1,http://www.archive.india.gov.in/govt/loksabhampbiodata.php?mpcode=4375
"Patil, Shri Chandrakant Raghunath",3,1,http://www.archive.india.gov.in/govt/loksabhampbiodata.php?mpcode=4452
"Patil, Shri A.T. (Nana)",2,1,http://www.archive.india.gov.in/govt/loksabhampbiodata.php?mpcode=4370
"Patle, Smt. Kamla Devi",2,2,http://www.archive.india.gov.in/govt/loksabhampbiodata.php?mpcode=4358
"Paul, Shri Tapas",1,0,http://www.archive.india.gov.in/govt/loksabhampbiodata.php?mpcode=4484
"Pawar, Shri Sharad Chandra Govindrao",1,0,http://www.archive.india.gov.in/govt/loksabhampbiodata.php?mpcode=327
"Perumal, Shri Viswanathan",1,0,http://www.archive.india.gov.in/govt/loksabhampbiodata.php?mpcode=4536
"Pilot, Shri Sachin",0,2,http://www.archive.india.gov.in/govt/loksabhampbiodata.php?mpcode=4058
"Potai, Shri Sohan",1,1,http://archive.india.gov.in/govt/loksabhampbiodata.php?mpcode=331
"Prabhakar, Shri Ponnam",0,2,http://www.archive.india.gov.in/govt/loksabhampbiodata.php?mpcode=4337
"Pradhan, Shri Amarnath",0,1,http://www.archive.india.gov.in/govt/loksabhampbiodata.php?mpcode=4417
"Pradhan, Shri Nityananda",2,1,http://www.archive.india.gov.in/govt/loksabhampbiodata.php?mpcode=4424
"Prasada, Shri Jitin",0,0,http://www.archive.india.gov.in/govt/loksabhampbiodata.php?mpcode=4065
"Pratap Narayanrao, Shri Sonawane",2,1,http://www.archive.india.gov.in/govt/loksabhampbiodata.php?mpcode=4369
"Punia, Shri P.L.",1,2,http://www.archive.india.gov.in/govt/loksabhampbiodata.php?mpcode=4292
"Purandeswari, Smt. Daggubati",1,1,http://www.archive.india.gov.in/govt/loksabhampbiodata.php?mpcode=4022
"Purkayastha, Shri Kabindra",1,1,http://archive.india.gov.in/govt/loksabhampbiodata.php?mpcode=3568
"Putul Kumari, Smt.",2,0,http://archive.india.gov.in/govt/loksabhampbiodata.php?mpcode=4575
"Radadiya, Shri Vitthalbhai Hansrajbhai",0,2,http://www.archive.india.gov.in/govt/loksabhampbiodata.php?mpcode=4446
"Raghavan, Shri M. K.",1,1,http://archive.india.gov.in/govt/loksabhampbiodata.php?mpcode=4560
"Rai, Shri Prem Das",1,1,http://www.archive.india.gov.in/govt/loksabhampbiodata.php?mpcode=4347
"Raja, Shri Andimuthu",1,0,http://archive.india.gov.in/govt/loksabhampbiodata.php?mpcode=344
"Rajbhar, Shri Ramashankar",5,4,http://www.archive.india.gov.in/govt/loksabhampbiodata.php?mpcode=4305
"Rajendran, Shri C.",0,2,http://www.archive.india.gov.in/govt/loksabhampbiodata.php?mpcode=4535
"Rajesh, Shri M. B.",1,0,http://archive.india.gov.in/govt/loksabhampbiodata.php?mpcode=4562
"Raju, Dr. M. Mangapati Pallam",1,1,http://www.archive.india.gov.in/govt/loksabhampbiodata.php?mpcode=3375
"Rajukhedi, Shri Gajendra Singh",2,2,http://archive.india.gov.in/govt/loksabhampbiodata.php?mpcode=348
"Ram, Shri Purnmasi",4,2,http://www.archive.india.gov.in/govt/loksabhampbiodata.php?mpcode=4461
"Ram Shankar, Prof.(Dr.)",1,2,http://www.archive.india.gov.in/govt/loksabhampbiodata.php?mpcode=4274
"Rama Devi, Smt.",3,2,http://archive.india.gov.in/govt/loksabhampbiodata.php?mpcode=3901
"Ramasubbu, Shri S.S.",1,0,http://archive.india.gov.in/govt/loksabhampbiodata.php?mpcode=4556
"Ramkishun, Shri",2,1,http://www.archive.india.gov.in/govt/loksabhampbiodata.php?mpcode=4346
"Rana, Shri Rajendrasinh (Raju Rana)",0,1,http://archive.india.gov.in/govt/loksabhampbiodata.php?mpcode=358
"Rana, Shri Jagdish Singh",1,2,http://www.archive.india.gov.in/govt/loksabhampbiodata.php?mpcode=4260
"Rana, Shri Kadir",5,1,http://www.archive.india.gov.in/govt/loksabhampbiodata.php?mpcode=4262
"Rane, Dr. Nilesh Narayan",0,0,http://www.archive.india.gov.in/govt/loksabhampbiodata.php?mpcode=4396
"Rao, Shri Rayapati Sambasiva",2,1,http://en.wikipedia.org/wiki/Rayapati_Sambasiva_Rao
"Rao, Shri Konakalla Narayana",0,2,http://www.archive.india.gov.in/govt/loksabhampbiodata.php?mpcode=4527
"Rao, Dr. Kavuri Samba Siva",3,1,http://archive.india.gov.in/govt/loksabhampbiodata.php?mpcode=3139
"Rao, Shri Inderjit Singh",0,2,http://archive.india.gov.in/govt/loksabhampbiodata.php?mpcode=3904
"Rao, Shri Nama Nageswara",1,2,http://www.archive.india.gov.in/govt/loksabhampbiodata.php?mpcode=4323
"Rao, Shri Kalva Kuntla Chandrasekhar",1,1,http://www.archive.india.gov.in/govt/loksabhampbiodata.php?mpcode=4083
"Rathod, Shri Ramesh",1,2,http://www.archive.india.gov.in/govt/loksabhampbiodata.php?mpcode=4258
"Rathwa, Shri Ramsinh Patalyabhai",1,1,http://archive.india.gov.in/govt/loksabhampbiodata.php?mpcode=364
"Rawat, Shri Harish",0,0,http://www.archive.india.gov.in/govt/loksabhampbiodata.php?mpcode=2864
"Rawat, Shri Ashok Kumar",0,0,http://www.archive.india.gov.in/govt/loksabhampbiodata.php?mpcode=4096
"Ray, Shri Bishnu Pada",0,0,http://archive.india.gov.in/govt/loksabhampbiodata.php?mpcode=371
"Ray, Shri Rudra Madhab",1,2,http://www.archive.india.gov.in/govt/loksabhampbiodata.php?mpcode=4421
"Reddy, Shri Modugula Venugopala",0,2,http://www.archive.india.gov.in/govt/loksabhampbiodata.php?mpcode=4528
"Reddy, Shri Y. S. Jagan Mohan",2,0,http://www.archive.india.gov.in/govt/loksabhampbiodata.php?mpcode=4530
"Reddy, Shri Kotla Jaya Surya Prakash",2,1,http://www.archive.india.gov.in/govt/loksabhampbiodata.php?mpcode=3583
"Reddy, Shri Magunta Sreenivasulu",0,2,http://archive.india.gov.in/govt/loksabhampbiodata.php?mpcode=3907
"Reddy, Shri Jaipal Sudini",1,2,http://www.archive.india.gov.in/govt/loksabhampbiodata.php?mpcode=378
"Reddy, Shri Anantha Venkatarami",2,0,http://archive.india.gov.in/govt/loksabhampbiodata.php?mpcode=3767
"Reddy, Shri Mekapati Rajamohan",0,3,http://archive.india.gov.in/govt/loksabhampbiodata.php?mpcode=3394
"Reddy, Shri S.P.Y.",2,0,http://archive.india.gov.in/govt/loksabhampbiodata.php?mpcode=4024
"Reddy, Shri Komatireddy Raj Gopal",0,1,http://www.archive.india.gov.in/govt/loksabhampbiodata.php?mpcode=4341
"Riyan, Shri Baju Ban",1,2,http://archive.india.gov.in/govt/loksabhampbiodata.php?mpcode=381
"Roy, Prof. Saugata",0,0,http://archive.india.gov.in/govt/loksabhampbiodata.php?mpcode=2554
"Roy, Smt. Satabdi",0,1,http://www.archive.india.gov.in/govt/loksabhampbiodata.php?mpcode=4506
"Roy, Shri Nripendra Nath",1,1,http://archive.india.gov.in/govt/loksabhampbiodata.php?mpcode=4477
"Roy, Shri Mahendra Kumar",0,1,http://www.archive.india.gov.in/govt/loksabhampbiodata.php?mpcode=4479
"Roy, Dr. Arjun",0,2,http://www.archive.india.gov.in/govt/loksabhampbiodata.php?mpcode=4456
"Ruala, Shri C. L.",0,5,http://www.archive.india.gov.in/govt/loksabhampbiodata.php?mpcode=4353
"Sachan, Shri Rakesh",1,2,http://archive.india.gov.in/govt/loksabhampbiodata.php?mpcode=4290
"Saha, Dr. Anup Kumar",0,1,http://www.archive.india.gov.in/govt/loksabhampbiodata.php?mpcode=4504
"Sahai, Shri Subodh Kant",1,0,http://archive.india.gov.in/govt/loksabhampbiodata.php?mpcode=3400
"Sahu, Shri Chandu Lal",1,2,http://archive.india.gov.in/govt/loksabhampbiodata.php?mpcode=4362
"Sai, Shri Vishnu Deo",2,1,http://archive.india.gov.in/govt/loksabhampbiodata.php?mpcode=389
"Sampath, Shri Anirudhan",1,1,http://archive.india.gov.in/govt/loksabhampbiodata.php?mpcode=3777
"Sangma, Kum. Agatha K.",0,0,http://www.archive.india.gov.in/govt/loksabhampbiodata.php?mpcode=4251
"Sardinha, Shri Francisco",0,3,http://archive.india.gov.in/govt/loksabhampbiodata.php?mpcode=3914
"Saroj, Shri Tufani",4,1,http://archive.india.gov.in/govt/loksabhampbiodata.php?mpcode=401
"Saroj, Smt. Sushila",3,0,http://archive.india.gov.in/govt/loksabhampbiodata.php?mpcode=402
"Sarvey, Shri Sathyanarayana",2,1,http://www.archive.india.gov.in/govt/loksabhampbiodata.php?mpcode=4027
"Satpathy, Shri Tathagata",0,0,http://archive.india.gov.in/govt/loksabhampbiodata.php?mpcode=3918
"Sayeed, Shri Hamdullah",0,0,http://www.archive.india.gov.in/govt/loksabhampbiodata.php?mpcode=4349
"Scindia, Shri Jyotiraditya Madhavrao",1,1,http://www.archive.india.gov.in/govt/loksabhampbiodata.php?mpcode=3958
"Scindia, Smt. Yashodhara Raje",0,0,http://www.archive.india.gov.in/govt/loksabhampbiodata.php?mpcode=4221
"Selja, Kumari",0,0,http://www.archive.india.gov.in/govt/loksabhampbiodata.php?mpcode=3589
"Semmalai, Shri S.",2,2,http://archive.india.gov.in/govt/loksabhampbiodata.php?mpcode=4541
"Sethi, Shri Arjun Charan",2,3,http://www.archive.india.gov.in/govt/loksabhampbiodata.php?mpcode=411
"Shah, Smt. Mala Rajya Laxmi",1,0,http://archive.india.gov.in/govt/loksabhampbiodata.php?mpcode=4582
"Shanavas, Shri M. I.",1,1,http://archive.india.gov.in/govt/loksabhampbiodata.php?mpcode=4559
"Shantha, Smt. J.",1,0,http://www.archive.india.gov.in/govt/loksabhampbiodata.php?mpcode=4314
"Shanthi, Smt. M. Vijaya",0,0,http://www.archive.india.gov.in/govt/loksabhampbiodata.php?mpcode=4339
"Shariq, Shri Sharifuddin",4,1,http://www.archive.india.gov.in/govt/loksabhampbiodata.php?mpcode=4333
"Sharma, Shri Jagdish",1,2,http://archive.india.gov.in/govt/loksabhampbiodata.php?mpcode=4473
"Sharma, Shri Madan Lal",2,1,http://archive.india.gov.in/govt/loksabhampbiodata.php?mpcode=4047
"Sharma, Dr. Arvind Kumar",1,1,http://archive.india.gov.in/govt/loksabhampbiodata.php?mpcode=3785
"Shekhar, Shri Neeraj",2,0,http://www.archive.india.gov.in/govt/loksabhampbiodata.php?mpcode=4233
"Shekhawat, Shri Gopal Singh",2,3,http://www.archive.india.gov.in/govt/loksabhampbiodata.php?mpcode=4413
"Shetkar, Shri Suresh Kumar",2,1,http://www.archive.india.gov.in/govt/loksabhampbiodata.php?mpcode=4523
"Shetti, Shri Raju alias Devappa Anna",0,1,http://www.archive.india.gov.in/govt/loksabhampbiodata.php?mpcode=4397
"Shinde, Shri Sushil Kumar Sambhajirao",3,0,http://www.archive.india.gov.in/govt/loksabhampbiodata.php?mpcode=423
"Shivakumar, Shri K. alias J.K. Ritheesh",0,2,http://archive.india.gov.in/govt/loksabhampbiodata.php?mpcode=4553
"Shivaramagouda, Shri",1,1,http://www.archive.india.gov.in/govt/loksabhampbiodata.php?mpcode=4313
"Shukla, Shri Balkrishna Khanderao",1,0,http://archive.india.gov.in/govt/loksabhampbiodata.php?mpcode=4450
"Sibal, Shri Kapil",0,2,http://www.archive.india.gov.in/govt/loksabhampbiodata.php?mpcode=4077
"Siddeshwara, Shri Gowdar Mallikarjunappa",1,1,http://archive.india.gov.in/govt/loksabhampbiodata.php?mpcode=3977
"Sidhu, Shri Navjot Singh",0,0,http://archive.india.gov.in/govt/loksabhampbiodata.php?mpcode=4000
"Singh, Dr. Bhola",2,3,http://www.archive.india.gov.in/govt/loksabhampbiodata.php?mpcode=4475
"Singh, Shri Jagadanand",1,4,http://www.archive.india.gov.in/govt/loksabhampbiodata.php?mpcode=4470
"Singh, Shri Dushyant",1,1,http://archive.india.gov.in/govt/loksabhampbiodata.php?mpcode=4005
"Singh, Shri Umashanker",0,4,http://archive.india.gov.in/govt/loksabhampbiodata.php?mpcode=4463
"Singh, Shri Mahabali",2,3,http://www.archive.india.gov.in/govt/loksabhampbiodata.php?mpcode=4472
"Singh, Dr. Raghuvansh Prasad",1,2,http://archive.india.gov.in/govt/loksabhampbiodata.php?mpcode=430
"Singh, Shri Kalyan",1,1,http://archive.india.gov.in/govt/loksabhampbiodata.php?mpcode=4011
"Singh, Shri Ajit",2,1,http://www.archive.india.gov.in/govt/loksabhampbiodata.php?mpcode=14
"Singh, Rajkumari Ratna",1,1,http://www.archive.india.gov.in/govt/loksabhampbiodata.php?mpcode=434
"Singh, Shri Ravneet",0,1,http://www.archive.india.gov.in/govt/loksabhampbiodata.php?mpcode=4429
"Singh, Shri Bhoopendra",4,1,http://www.archive.india.gov.in/govt/loksabhampbiodata.php?mpcode=4508
"Singh, Smt. Rajesh Nandini",1,1,http://www.archive.india.gov.in/govt/loksabhampbiodata.php?mpcode=4513
"Singh, Shri Virbhadra",4,1,http://archive.india.gov.in/govt/loksabhampbiodata.php?mpcode=1689
"Singh, Shri Jaswant",0,2,http://www.archive.india.gov.in/govt/loksabhampbiodata.php?mpcode=552
"Singh, Shri Uday Pratap",0,2,http://www.archive.india.gov.in/govt/loksabhampbiodata.php?mpcode=4516
"Singh, Shri Radha Mohan",1,1,http://www.archive.india.gov.in/govt/loksabhampbiodata.php?mpcode=451
"Singh, Shri Sushil Kumar",1,2,http://archive.india.gov.in/govt/loksabhampbiodata.php?mpcode=3928
"Singh, Shri Uday",1,1,http://www.archive.india.gov.in/govt/loksabhampbiodata.php?mpcode=3974
"Singh, Shri Ganesh",0,2,http://archive.india.gov.in/govt/loksabhampbiodata.php?mpcode=3986
"Singh, Shri Rakesh",2,0,http://archive.india.gov.in/govt/loksabhampbiodata.php?mpcode=3987
"Singh, Shri Brijbhushan Sharan",1,2,http://archive.india.gov.in/govt/loksabhampbiodata.php?mpcode=438
"Singh, Chaudhary Lal",2,2,http://archive.india.gov.in/govt/loksabhampbiodata.php?mpcode=4046
"Singh, Shri Jitendra",2,1,http://www.archive.india.gov.in/govt/loksabhampbiodata.php?mpcode=4403
"Singh, Shri Rajnath",1,2,http://www.archive.india.gov.in/govt/loksabhampbiodata.php?mpcode=4268
"Singh, Shri Ratan",4,1,http://www.archive.india.gov.in/govt/loksabhampbiodata.php?mpcode=4404
"Singh, Shri Pashupati Nath",1,2,http://www.archive.india.gov.in/govt/loksabhampbiodata.php?mpcode=4326
"Singh, Shri Dhananjay",0,0,http://www.archive.india.gov.in/govt/loksabhampbiodata.php?mpcode=4306
"Singh, Shri N.Dharam",1,2,http://archive.india.gov.in/govt/loksabhampbiodata.php?mpcode=4312
"Singh, Shri Murarilal",1,1,http://archive.india.gov.in/govt/loksabhampbiodata.php?mpcode=4355
"Singh, Shri Yashvir",1,1,http://www.archive.india.gov.in/govt/loksabhampbiodata.php?mpcode=4264
"Singh, Smt. Meena",0,1,http://www.archive.india.gov.in/govt/loksabhampbiodata.php?mpcode=4234
"Singh, Kunwar Rewati Raman",1,1,http://www.archive.india.gov.in/govt/loksabhampbiodata.php?mpcode=4172
"Singh, Shri Radhe Mohan",0,3,http://www.archive.india.gov.in/govt/loksabhampbiodata.php?mpcode=4307
"Singh, Shri Vijay Bahadur",2,1,http://archive.india.gov.in/govt/loksabhampbiodata.php?mpcode=4288
"Singh, Shri Pradeep Kumar",4,0,http://www.archive.india.gov.in/govt/loksabhampbiodata.php?mpcode=4459
"Singh, Shri Ijyaraj",0,1,http://www.archive.india.gov.in/govt/loksabhampbiodata.php?mpcode=4415
"Singh, Shri Ratanjit Pratap Narain",3,0,http://www.archive.india.gov.in/govt/loksabhampbiodata.php?mpcode=4345
"Singh, Shri Rajiv Ranjan (Lalan)",1,0,http://www.archive.india.gov.in/govt/loksabhampbiodata.php?mpcode=4134
"Singh Deo, Shri Kalikesh Narayan",0,0,http://www.archive.india.gov.in/govt/loksabhampbiodata.php?mpcode=4419
"Singla, Shri Vijay Inder",1,1,http://www.archive.india.gov.in/govt/loksabhampbiodata.php?mpcode=4434
"Sinh, Dr. Sanjay",3,1,http://archive.india.gov.in/govt/loksabhampbiodata.php?mpcode=3929
"Sinha, Shri Shatrughan Prasad",1,2,http://www.archive.india.gov.in/govt/loksabhampbiodata.php?mpcode=4468
"Sinha, Shri Yashwant",1,2,http://archive.india.gov.in/govt/loksabhampbiodata.php?mpcode=464
"Siricilla, Shri Rajaiah",1,1,http://www.archive.india.gov.in/govt/loksabhampbiodata.php?mpcode=4320
"Sivaprasad, Dr. Naramalli",2,0,http://www.archive.india.gov.in/govt/loksabhampbiodata.php?mpcode=4531
"Sivasami, Shri C.",0,2,http://archive.india.gov.in/govt/loksabhampbiodata.php?mpcode=4542
"Solanki, Shri Makhansingh",0,0,http://www.archive.india.gov.in/govt/loksabhampbiodata.php?mpcode=4520
"Solanki, Shri Dinubhai Boghabhai",3,2,http://www.archive.india.gov.in/govt/loksabhampbiodata.php?mpcode=4447
"Solanki, Shri Bharatsinh Madhavsinh",0,0,http://www.archive.india.gov.in/govt/loksabhampbiodata.php?mpcode=4038
"Solanki, Dr. Kirit Premjibhai",1,1,http://www.archive.india.gov.in/govt/loksabhampbiodata.php?mpcode=4444
"Soren, Shri Shibu",1,3,http://archive.india.gov.in/govt/loksabhampbiodata.php?mpcode=2917
"Sudhakaran, Shri Kumbakudi",0,2,http://archive.india.gov.in/govt/loksabhampbiodata.php?mpcode=4558
"Sugavanam, Shri E.G.",1,1,http://www.archive.india.gov.in/govt/loksabhampbiodata.php?mpcode=4146
"Sugumar, Shri K.",0,1,http://archive.india.gov.in/govt/loksabhampbiodata.php?mpcode=4544
"Suklabaidya, Shri Lalit Mohan",1,1,http://www.archive.india.gov.in/govt/loksabhampbiodata.php?mpcode=4029
"Sule, Smt. Supriya Sadanand",1,1,http://www.archive.india.gov.in/govt/loksabhampbiodata.php?mpcode=4392
"Suman, Shri Kabir",0,0,http://www.archive.india.gov.in/govt/loksabhampbiodata.php?mpcode=4494
"Sushant, Dr. Rajan",0,2,http://archive.india.gov.in/govt/loksabhampbiodata.php?mpcode=4297
"Swamy, Shri Janardhana",1,0,http://www.archive.india.gov.in/govt/loksabhampbiodata.php?mpcode=4317
"Swamy, Shri N. Chaluvaraya",0,2,http://archive.india.gov.in/govt/loksabhampbiodata.php?mpcode=4318
"Swaraj, Smt. Sushma",1,0,http://archive.india.gov.in/govt/loksabhampbiodata.php?mpcode=3812
"Tagore, Shri Manicka",0,2,http://archive.india.gov.in/govt/loksabhampbiodata.php?mpcode=4552
"Takam Sanjoy, Shri",3,3,http://www.archive.india.gov.in/govt/loksabhampbiodata.php?mpcode=4366
"Tamta, Shri Pradeep",2,0,http://www.archive.india.gov.in/govt/loksabhampbiodata.php?mpcode=4363
"Tandon, Shri Lal Ji",0,3,http://www.archive.india.gov.in/govt/loksabhampbiodata.php?mpcode=4283
"Tandon, Smt. Annu",0,2,http://www.archive.india.gov.in/govt/loksabhampbiodata.php?mpcode=4282
"Tanwar, Shri Ashok",1,2,http://www.archive.india.gov.in/govt/loksabhampbiodata.php?mpcode=4289
"Tarai, Shri Bibhu Prasad",2,0,http://www.archive.india.gov.in/govt/loksabhampbiodata.php?mpcode=4423
"Taviad, Dr. (Smt.) Prabha Kishor",1,1,http://www.archive.india.gov.in/govt/loksabhampbiodata.php?mpcode=4255
"Taware, Shri Suresh Kashinath",0,2,http://www.archive.india.gov.in/govt/loksabhampbiodata.php?mpcode=4378
"Tewari, Shri Manish",1,0,http://www.archive.india.gov.in/govt/loksabhampbiodata.php?mpcode=4430
"Thakor, Shri Jagdish",3,2,http://www.archive.india.gov.in/govt/loksabhampbiodata.php?mpcode=4441
"Thakur, Shri Anurag Singh",0,2,http://www.archive.india.gov.in/govt/loksabhampbiodata.php?mpcode=4249
"Thamaraiselvan, Shri R.",1,1,http://www.archive.india.gov.in/govt/loksabhampbiodata.php?mpcode=4538
"Thambidurai, Dr. Munisamy",2,0,http://archive.india.gov.in/govt/loksabhampbiodata.php?mpcode=3205
"Tharoor, Dr. Shashi",0,2,http://www.archive.india.gov.in/govt/loksabhampbiodata.php?mpcode=4569
"Thol, Shri Thirumaa Valavan",0,0,http://archive.india.gov.in/govt/loksabhampbiodata.php?mpcode=4549
"Thomas, Shri P. T.",0,2,http://archive.india.gov.in/govt/loksabhampbiodata.php?mpcode=4565
"Thomas, Prof. Kuruppassery Varkey",1,2,http://www.archive.india.gov.in/govt/loksabhampbiodata.php?mpcode=3209
"Tirath, Smt. Krishna",3,0,http://www.archive.india.gov.in/govt/loksabhampbiodata.php?mpcode=4078
"Tirkey, Shri Manohar",1,2,http://www.archive.india.gov.in/govt/loksabhampbiodata.php?mpcode=4478
"Tiwari, Shri Bhismshankar Alias Kushal",2,2,http://www.archive.india.gov.in/govt/loksabhampbiodata.php?mpcode=4247
"Tomar, Shri Narendra Singh",1,2,http://www.archive.india.gov.in/govt/loksabhampbiodata.php?mpcode=4507
"Toppo, Shri Joseph",3,1,http://www.archive.india.gov.in/govt/loksabhampbiodata.php?mpcode=4438
"Trivedi, Shri Dinesh",0,1,http://www.archive.india.gov.in/govt/loksabhampbiodata.php?mpcode=4487
"Tudu, Shri Laxman",4,0,http://www.archive.india.gov.in/govt/loksabhampbiodata.php?mpcode=4354
"Udasi, Shri Shivkumar Chanabasappa",2,0,http://www.archive.india.gov.in/govt/loksabhampbiodata.php?mpcode=4340
"Upadhyay, Smt. Seema",2,1,http://www.archive.india.gov.in/govt/loksabhampbiodata.php?mpcode=4275
"Vardhan, Shri Harsh",1,1,http://archive.india.gov.in/govt/loksabhampbiodata.php?mpcode=3286
"Vasava, Shri Mansukhbhai D.",2,0,http://www.archive.india.gov.in/govt/loksabhampbiodata.php?mpcode=501
"Venugopal, Thiru Danapal",2,0,http://www.archive.india.gov.in/govt/loksabhampbiodata.php?mpcode=507
"Venugopal, Dr. Ponnusamy",2,1,http://www.archive.india.gov.in/govt/loksabhampbiodata.php?mpcode=4532
"Venugopal, Shri K. C.",1,1,http://www.archive.india.gov.in/govt/loksabhampbiodata.php?mpcode=4567
"Verma, Shri Beni Prasad",2,3,http://www.archive.india.gov.in/govt/loksabhampbiodata.php?mpcode=509
"Verma, Smt. Usha",1,1,http://archive.india.gov.in/govt/loksabhampbiodata.php?mpcode=2949
"Verma, Shri Sajjan Singh",2,2,http://www.archive.india.gov.in/govt/loksabhampbiodata.php?mpcode=4517
"Vijayan, Shri A.K.S.",0,0,http://www.archive.india.gov.in/govt/loksabhampbiodata.php?mpcode=514
"Virendra Kumar, Dr.",3,1,http://www.archive.india.gov.in/govt/loksabhampbiodata.php?mpcode=515
"Vishwanath, Shri Adagooru Huchegowda",1,3,http://www.archive.india.gov.in/govt/loksabhampbiodata.php?mpcode=4319
"Vivekanand, Dr. Gaddam",2,2,http://www.archive.india.gov.in/govt/loksabhampbiodata.php?mpcode=4259
"Vundavalli, Shri Aruna Kumar",1,0,http://archive.india.gov.in/govt/loksabhampbiodata.php?mpcode=4016
"Vyas, Dr.(Kum.) Girija",0,0,http://www.archive.india.gov.in/govt/loksabhampbiodata.php?mpcode=517
"Wakchaure, Shri Bhausaheb",2,1,http://www.archive.india.gov.in/govt/loksabhampbiodata.php?mpcode=4385
"Wankhede, Shri Subhash Bapurao",2,1,http://archive.india.gov.in/govt/loksabhampbiodata.php?mpcode=4374
"Wasnik, Shri Mukul Balkrishna",0,0,http://archive.india.gov.in/govt/loksabhampbiodata.php?mpcode=3225
"Yadav, Shri Ramakant",1,3,http://www.archive.india.gov.in/govt/loksabhampbiodata.php?mpcode=531
"Yadav, Shri Hukmdev Narayan",2,1,http://www.archive.india.gov.in/govt/loksabhampbiodata.php?mpcode=528
"Yadav, Shri Dinesh Chandra",0,0,http://www.archive.india.gov.in/govt/loksabhampbiodata.php?mpcode=527
"Yadav, Shri M. Anjan Kumar",2,2,http://archive.india.gov.in/govt/loksabhampbiodata.php?mpcode=4026
"Yadav, Smt. Dimple",0,0,http://archive.india.gov.in/govt/loksabhampbiodata.php?mpcode=4580
"Yadav, Shri Mulayam Singh",0,1,http://www.archive.india.gov.in/govt/loksabhampbiodata.php?mpcode=530
"Yadav, Shri Dharmendra",0,0,http://www.archive.india.gov.in/govt/loksabhampbiodata.php?mpcode=4206
"Yadav, Prof. Ranjan Prasad",1,1,http://www.archive.india.gov.in/govt/loksabhampbiodata.php?mpcode=4469
"Yadav, Shri Madhusudan",0,2,http://www.archive.india.gov.in/govt/loksabhampbiodata.php?mpcode=4359
"Yadav, Shri Om Prakash",5,1,http://siwan.bih.nic.in/Elected_MP_Siwan.aspx
"Yadav, Shri Sharad",1,1,http://www.archive.india.gov.in/govt/loksabhampbiodata.php?mpcode=532
"Yadav, Shri Arun Subhashchandra",1,1,http://www.archive.india.gov.in/govt/loksabhampbiodata.php?mpcode=4232
"Yaskhi, Shri Madhu Goud",2,0,http://archive.india.gov.in/govt/loksabhampbiodata.php?mpcode=4028
"Yeddyurappa, Shri Raghavendra",0,2,http://archive.india.gov.in/govt/loksabhampbiodata.php?mpcode=4570
